{"coefficients": [[-0.0006055798795112072, 5.709009423104324, -0.0007159197439684435, 0.0002073466248220754, -0.0005582531433217166]], "intercept": [-14.266711282011775], "classes": [0, 1]}